Model,Accuracy,Precision,Recall,F1 Score
SVM,0.9906021025804397,0.9906660503002871,0.9906021025804397,0.9906083753481595
XGBoost,0.9883720930232558,0.9884073661307892,0.9883720930232558,0.9883776259929496
Logistic Regression,0.987257088244664,0.9872836423096004,0.987257088244664,0.9872449510599202
Gradient Boosting,0.9866199426568971,0.9866256272550878,0.9866199426568971,0.9866124024915163
KNN,0.9864606562599554,0.9866976329180098,0.9864606562599554,0.9864993497875213
Random Forest,0.9863013698630136,0.9863198597271364,0.9863013698630136,0.9863079051120914
Decision Tree,0.9762663268556865,0.9763110671306817,0.9762663268556865,0.9762807362500857
